Sequence,Class
AAAWFW,Positive
AAVACRICMRNFSTRQARRNHRRRHRR,Positive
AAVALLPAVLLALLAPRRRRRR,Positive
ACSGRGRGCGRGRGSCG,Positive
AGYLLGKINLKALAALAKKILGGC,Positive
AGYLLGKINLRALAALARRIL,Positive
AIIYRDLIS,Positive
AKKKAAKAAKKKAAKAAKKKAAKAAKKKAAKA,Positive
AKKRRQRRRAKKRRQRRR,Positive
ALWMRWYSPTTRRYG,Positive
CFITKALGISYGRKKRRQRRRPPQGSQTH,Positive
CGRKKRAARQRRRPPQ,Positive
CGRKKRLLRQRRRPPQ,Positive
CGRKKRRQRAARRPPQ,Positive
CGRKKRRQRLLRRPPQ,Positive
CGRKKRRQRRLLRPPQ,Positive
CGRKKRRQRRWWRPPQ,Positive
CRQIKIWFPNRRMKWKKC,Positive
CRRRRRRRR,Positive
DSHAKRHHGYKRKFHEKHHSHRGY,Positive
DTWPGVEALIRILQQLLFIHFRIGCQH,Positive
EKRPRTAFSSEQLARLKREFNENRYLTTERRRQQLSSELGLNEAQIKIWFQNKRAKIKKST,Positive
ERKKRRRE,Positive
FIRIGC,Positive
GILLRNQVLPPQI,Positive
GKKKKKKKKK,Positive
GLFNWLQLRPPSW,Positive
GLKKLAELAHKLLKLGC,Positive
GLWRALWRLLRSLWRLLWKA,Positive
GRCTKSIPPICWPK,Positive
GRKKRRQRPPQC,Positive
GRRERNKMAAAKCRNRRR,Positive
GRRRRATAKYRTAH,Positive
GSNFFYQHRLPFS,Positive
GTSRANSYDNLKSETLTQ,Positive
GYRRTTPSYWRMWLR,Positive
HARIKPTFRRLKWKYKGKFW,Positive
HATKSQNINF,Positive
HEHEHEHEHEHEHEHEHEHEGGGGGKLALKLALKALKAALKLA,Positive
HEHEHEHEHEHEHEHEHEHEHEHEEFGGGGGYGRGRGRGRGRGRG,Positive
HEHEHEHEHEHEHEHEHEHEHEHEEFGGGGGYGRKKRRQRRR,Positive
HEHEHEHEHEHEHEHEHEHEHEHEEFGGGGGYGRRRRRRGGGGGG,Positive
HGWIHGLLHRA,Positive
HYRIKPTARRLKWKYKGKFW,Positive
HYRIKPTFRRLAWKYKGKFW,Positive
HYRIKPTFRRLKWKYKGKFA,Positive
IPLVVPLC,Positive
KALAKALAKLWKALAKAA,Positive
KGSWYSMRKMSMIRPFFPQQ,Positive
KKTCRRINYCALNK,Positive
KLALKLALKALQAALQLA,Positive
KLIKGRTPIKFGKARCRRPPKHSGK,Positive
KLWMRWYSPTTRAYG,Positive
KQIKIWFQNKKMKWKK,Positive
KQINNWFINQRKRHWK,Positive
KRIPNKKPKK,Positive
KRWRWKCCKK,Positive
KTRYYSMKKTTMKIIPFNRL,Positive
KWFKIQLQIKKWKNKK,Positive
LALALALALALALALAKLAKLAKLAKLAKLAKKIK,Positive
LIIFAILISHKK,Positive
LILIGRRRRRRRRGC,Positive
LITKQYRYPSRRRFN,Positive
LKKLLKLLKKLLKLAG,Positive
LLHILRRSIRRQAHAIRR,Positive
LNSAGYLLGKALAALAKKIL,Positive
LNSAGYLLGKLKALAALAKIL,Positive
MAIYRDLIS,Positive
MGLGLHLLVLAAALQGAKKKRKV,Positive
MIISRDLISH,Positive
MIIYRD,Positive
MIIYRDKKSH,Positive
MIIYRDLAS,Positive
MIIYRDLIA,Positive
MIIYRDLISH,Positive
MSDPNMNPGTLGSSHILW,Positive
NRARRNRRRVR,Positive
NSAAFEDLRVLS,Positive
PARAARRAARR,Positive
PFVYLI,Positive
PIEVCMYREP,Positive
PKKKRKVAGYLLGKINLKALAALAKKILPQMQQNVFQYPGAGMVPQGEANF,Positive
PLILLRLLRGQF,Positive
PLIYLRLLRGQF,Positive
PRLPRLPRLPRL,Positive
PYSRPHVQLWYPNRESCRSLIRSLGP,Positive
QDGGTWHLVAYCAKSHRY,Positive
QIISRDLISH,Positive
RAKRRQRRR,Positive
RAWMRWYSPTTRRYG,Positive
RCGRASRCRVRWMRRRRI,Positive
RGADYSLRAVRMKIRPLVTQ,Positive
RKKAAA,Positive
RKKNPNCRRH,Positive
RKKRRQARR,Positive
RKKRRQRAR,Positive
RKKRRQRRRRKKRRQRRR,Positive
RKKWFW,Positive
RLAMRWYSPTTRRYG,Positive
RLLRLLRLL,Positive
RLRLRLRLRLRLRLRLKLLKLLKLLKLLKKKKKKKGYK,Positive
RLWMAWYSPTTRRYG,Positive
RLWMRWYAPAARRYG,Positive
RLWMRWYSGTTRRYG,Positive
RLWMRWYSPTARRYG,Positive
RLWMRWYSPTTRARG,Positive
RLWMRWYSPTTRRYA,Positive
RMKWKK,Positive
RQARRNRRRC,Positive
RQIKIW,Positive
RRLRRLLRRLRRLLRRLR,Positive
RRRRRR,Positive
RRRRRRRRK,Positive
RRRRRRRRRC,Positive
RRRRRRRRRFF,Positive
RRRRRRRW,Positive
RWFKIQLQIRRWKNKK,Positive
RWFRIQLQIRRWRNRR,Positive
SARHHCRSKAKRSRHH,Positive
SDLWEMMMVSLACQY,Positive
SGEHTNGPSKTSVRWVWD,Positive
SKRTRQTYTRYQTLELEKEFHFNRYITRRRRIDIANALSLSERQIKIWFQNRRMKSKKDR,Positive
SLFRALWRLLESLWRLLWK,Positive
SLWRALWRLLRALWRLLWKA,Positive
SLWRALWRLLRSLWRLWRKA,Positive
SLWRALWRLWRSLWRLLWKA,Positive
SMTTMEFGHSMITPYKID,Positive
SPGNQSTGVIGTPSFSNH,Positive
SPTRPTHQGLLPVSNKYT,Positive
SRAHHCRSKAKRSRHH,Positive
SRRAHCRSKAKRSRHH,Positive
SRRHACRSKAKRSRHH,Positive
SRRHHARSKAKRSRHH,Positive
SRRHHCRAKAKRSRHH,Positive
SRRHHCRSAAKRSRHH,Positive
SRRHHCRSKAARSRHH,Positive
SRRHHCRSKAKASRHH,Positive
SRRHHCRSKAKRARHH,Positive
SRRHHCRSKAKRSAHH,Positive
SRRRRRRRRR,Positive
SRWRWKCCKK,Positive
SSGANYFFNAIYDFLSNF,Positive
STAPGSLQEDILDSVPA,Positive
STHLQYHVNYTSRTVVSM,Positive
VDKGSYLPRPTPPRPIYNRN,Positive
VHLPPP,Positive
VKLPPP,Positive
VLTTGLPALISWIRRRHRRHC,Positive
VPMLKPMLKE,Positive
VRLPPP,Positive
WELYGRKKRRQRRR,Positive
WKARRQAFRVLHHWN,Positive
WKWRRQWFRVLHHWN,Positive
YGRKKRRQRRRDPYHATSGALSPAKDCGSQKYAYFNGCSSPTLSPMSP,Positive
YKQCHKKGGHCFPKEKICLPPSSDFGKMDCRWRWKCCKKGSG,Positive
YSSAYEWFNRYKQPYYEL,Positive
RRGRRG,Positive
AAAGVPTAALARRNSDVFQRMQEALNISFDRFI,Negative
AAAKVRERMYALIAGLDASEVTDIVSV,Negative
AAALEKKNVDLNELLQR,Negative
AACSSESRELCFAALCHVRQVL,Negative
AACVLGPGRIASLAALDDSKKL,Negative
AAIGYYVYTRWDGKFGRIRLGDTGSGGF,Negative
AAKDVRQGGAPSALVGE,Negative
AAKKGSEQESVKEFLAKAKEDFLKK,Negative
AAKYGDKYVNTSEEERRSVF,Negative
AALAFKIMTDPYVGKLTFFRV,Negative
AAMTTTSFPINRELTTRLLGFS,Negative
AASAGSPLGEHHPHLTPLAQRVLEPTDAAVL,Negative
AATHMNHA,Negative
AATLPQVRGLIMLAATPCFVRRED,Negative
ACGYFLNPSLMS,Negative
ACLLVTPYYNKPSQ,Negative
ADSLYNTPPTFAIYM,Negative
ADSPQQPNMSTLEQKLTEMITAPVEALGFELVG,Negative
ADTAASAIAVALEAQKFVV,Negative
ADTTPIINAVSGVSGAGRKAAIGTSFCEVS,Negative
ADVVAGKMAEVLGAEKLLMMTNTPGVLDKGG,Negative
ADVVTTTTHKTLRGPRGGMILSNKG,Negative
AEALVEAVIKL,Negative
AEERRRKEEEERA,Negative
AEGAIKLLRQIGAEVVAACFIIDLPDLGGAAK,Negative
AEGGMADMSRLDYV,Negative
AEGTTIIENAAREPEIVDTANFLITLGAK,Negative
AENSNTAKHAAEFW,Negative
AERDRAEQL,Negative
AESWEIIKLIQDFPRIIKRTSDNFEPS,Negative
AETGDAHIDDVV,Negative
AFFKAVFAEFLATL,Negative
AFGNHGA,Negative
AFHPLAGVDRVQLRDAAMLASLADPTPE,Negative
AFTLATAGSFVDKLPENP,Negative
AFVDYFSRGLHAEYKSKGIIVQSVMPYYVATKM,Negative
AGAGSPLSPLQAELLPP,Negative
AGDGGMRVELERVPLRAANMTP,Negative
AGIEASEIDMII,Negative
AGKIQLEG,Negative
AGKPMKYQQLENLESGWKWKYLVKKHREGELIT,Negative
AGMSQSLAGLFLEAHPDPDNAKCDGPC,Negative
AGPLVRSSYHADEQVNE,Negative
AGQMIEFEVF,Negative
AGQNHWT,Negative
AGRELRVEVQINRSAANRAQVNSTPTKPRELPR,Negative
AGSVSADELVTRIHKVRQM,Negative
AGWRETPRPGCT,Negative
AHKEISETRKLLVGSG,Negative
AHLVYDVRRDDAPLRKVAGIPGEFDKLRKNYL,Negative
AIDGGKKTAAFSNIEYGGRGMSLEKDIEHSNTFYLK,Negative
AIHAKEILGIKNKLNQMLAEHTGQPLEVVERDTDRD,Negative
AIKQLAAANIFP,Negative
AIMRETNAPVVFDATHSVQLPGGQGTSSGGQREF,Negative
AIMTRQAKKGMY,Negative
AIPELRQALFERQ,Negative
AIQQELEKEKQRVAQQKQQQLEQEQFHAFEEMIRN,Negative
AIQRLAEEDPTFRVKLDDETGQTVISGMGELHLD,Negative
AIRMEREALLAEMGVAMREDGG,Negative
AIVMGAEGDGMRRLTRETCDDLIKI,Negative
AKALRDAGLAVRDVSELTGFP,Negative
AKANNEQDMLGYLISKHSQLASLVGLIPQRKI,Negative
AKDYAIEGGSVLHLVLALRGGLLM,Negative
AKEGVFLPPSQFEGTFLSTAHTKDDIEKTIQA,Negative
AKFMAIAADHPLAQAAAAKDPKVAAF,Negative
AKFWEVVCDEHGIDPTGRYTGNSDLQLERVNVY,Negative
AKVPDDYPICSMTLPSGHPKSRLIKKF,Negative
ALEDVSSSPQSTEEVVQSFLMAQNVEGPSCMGI,Negative
ALIEALEKAKALNKAVHILGLLSPGGVHSRDNQ,Negative
ALIRDEPKICKYLDIPLQHISDP,Negative
ALLDNKRPVTYGEIDAPHGHDAFLLEDARYHA,Negative
ALRASLGRAPGPN,Negative
ALRGPKHGGANEVSLEIQQRY,Negative
ALSALGQM,Negative
AMAAQFAAEATLRRVHAAQKDDDMPPIE,Negative
AMARAVR,Negative
AMREILAGAPRLFDDLDEDS,Negative
AMTEPALREAFAADVVFLRH,Negative
ANDKDTLVMELSS,Negative
ANIWVPFCRKHAIE,Negative
ANLIFDDFMELH,Negative
ANPNSLTGQYLSGV,Negative
ANQSMAIDPSTWEIPTLFQWLQTMGDVPQAAMWD,Negative
APAVDAIWHILNVIDDSPVARASLVPYEDYIVG,Negative
APPSSYGYLATLAGLK,Negative
APYDLVRRMRASVLVLGPLTARLKKARVSLPGGCA,Negative
AQDEFTLGYTIYFFELAIAVSGYMNAVNPFDQP,Negative
AQLRTHLTSQPRLWLDLGSGSGFP,Negative
AQWYTDIVKKAELVDYSSVK,Negative
ARAAVPSG,Negative
ARCGEEAHVQVKMSKLPSDVNLRIE,Negative
ARNLRGKAILYADKMTRSMQAAI,Negative
ARRLLMSKVTFKVTLTSDPRLPYKVLSVPESTPF,Negative
ASAAATTTPGHGVH,Negative
ASAAIPEPTPHDGACPSGSGADERLP,Negative
ASFHSVSKGYMGECGFRGGYVE,Negative
ASGFGVRLLNHLVKDYYENKMAKGFYISKALGI,Negative
ASGIDPDKATLFIQSEVPAHVQAGWMLTTIASV,Negative
ASGISGSGPTLFALCDKPETAQRVADW,Negative
ASGKRAAMLRDGLHVVIVGAPNAGK,Negative
ASGQEYRLRHGDILAL,Negative
ASLEYLEGKTLPG,Negative
ASNKYIEAKEAMGGL,Negative
ASVHSTGSLTTHAPQRGEAAPA,Negative
ATCPNATLTTFGPDVGLPSGQMGNSEV,Negative
ATETSAG,Negative
ATVTKRKPTCPRENQTEINKPKAKRCLNSAV,Negative
AVAEHSSVPVMLYNIPGRTSINLQPETV,Negative
AVFLMVKHPHVQGR,Negative
AVFRPPAALGAVGIARG,Negative
AVGALLMDLA,Negative
AVGAVLDVNVLGTIRMLQAF,Negative
AVGKIMKF,Negative
AVKQTTLGLCSMTVSRLVQNDGFLNILRDEQFTA,Negative
AVLSDILGDEDHLGDMDFKVAGTRYGVTALQMDI,Negative
AVMGVPAHDERDFA,Negative
AWHCGECKEIIVARE,Negative
AYAEKSVQADLKERFQGLDIGDIIGVTG,Negative
AYGATLPLNQLATITVPEPRMLVIQPFDANTV,Negative
AYHFEKQIEDML,Negative
AYVAAGSTLTESVPPG,Negative
AYVEKITGFSLEKFKAN,Negative
CAKLAKFCVSQGLE,Negative
CALVSTELLQNRRGRGEAAAEPS,Negative
CAYLGAA,Negative
CETLVTTG,Negative
CFRREGRLKRDMATSDIQMFHHCSIHGN,Negative
CGDCGRPEPSSR,Negative
CGSLARKALEKFFNK,Negative
CKVASLEGNKVTLVGEEMAGFGLPNFGQLTEAF,Negative
CKVFDVVFHPDALHLSTRDSQFRK,Negative
CLRLRQTSLEPV,Negative
CNSSAFFFSGFFVVFLSVLPYALMKGIILRK,Negative
CVIGNYQGMNPTDGFIMT,Negative
CYRNSCSECMDPSGV,Negative
DAFRLHGYTAAQLLLTRADFADPARFSNISQTLRE,Negative
DAGISNERILIKLASTWQGICAAEQLEKEGINC,Negative
DAGVDIDAGNRLVDLIK,Negative
DAHRLAIQGLRLLPQAAPPADQPNLSVRAFGLNFS,Negative
DAIRRAVPDG,Negative
DALKTLPDEEV,Negative
DALLIDDIQFFAGKDRT,Negative
DAQGRFIGGLILPGHGIMLRALESGTAGLHVPTGE,Negative
DARNAMVAGLLASGISVNGLQPSHNPQVAAQMF,Negative
DAWRMHMQEFVAQLETR,Negative
DDLYVGSDLEIGQ,Negative
DDPRFQIVHGGFGQLADYVAEL,Negative
DDVELMLEANRIGGRHGLGMSDQIENRIIEAKSRG,Negative
DEKQFISMVNEGAFIEHAKVFNHWY,Negative
DELEKLTHNAEHLLQKLGLP,Negative
DEPDKVFRSVDEKNIAM,Negative
DEVMTGFRVAYNCGQGYYGVTPDLT,Negative
DFNDEPNDYEYEEETNDEVDSRLFNIDDQSDEELQS,Negative
DGAELSVTFVDNERIREINRDYRDK,Negative
DGCEHVDVVENIA,Negative
DGDENYYFEEEEIDYEYDKRVPDWAKNHNLDNS,Negative
DGEIRGYLPGTAEMKGN,Negative
DGGLYITHD,Negative
DGISINSPNEFNNLKNSEVKDKV,Negative
DGKVREVSHVLELLKDAPEPDTMDSDSDM,Negative
DGLLEPARQL,Negative
DGLVCLLKKPFNRPQGVQPKTGP,Negative
DGLVNIVG,Negative
DGTVKQLQLILAVIK,Negative
DHFKPLWARNVPKFGIAHAMALGLGPWLA,Negative
DHHHHHDGE,Negative
DHLVDLADSV,Negative
DHPLLRDAIQCRPVRELTHSFQ,Negative
DIAELAQRYRDQGADELVFYDIGASPE,Negative
DICVKNCGYPFHFQIASEEF,Negative
DIGEGKAVVFKAESHNHPSAVEPYEGAATGVG,Negative
DIHGGGGDLVFPHHENEIA,Negative
DIKSNHGGDATEFMNKVKNKEDGVRLMGFGHRVYKN,Negative
DIPTGEI,Negative
DIPVIASG,Negative
DIQFRNLPCL,Negative
DKKIDEETNAILEGEKYT,Negative
DKKIEGCQ,Negative
DKSYLEPYLKEVIRERKEREEWA,Negative
DKYPRTLAADQEKLLQAGCNLLFAPT,Negative
DLAAGVGRSRVPVRAPQQYSE,Negative
DLIVSSPPTIP,Negative
DLLLPYQRSDFEGIFRAMDGLPVTIRLLDPP,Negative
DLRRDSLKNKIILRC,Negative
DLTDQPLPDADHTWYTDGSSLLQEGQRKAGA,Negative
DLTLPTNFRDLSKPIGALNPKRAAFFAE,Negative
DLVAMCVNDLVVQGAEPLFFLDYFATGKLDP,Negative
DLVASWGPAILGHAHPAVVSAVQEAAARG,Negative
DLVEAGVVDPTKVTRTALQNAASIAGLILTTDATVA,Negative
DMEMLLAAQCHLGSKNLQVHMDPYLW,Negative
DMIKNEVLTLMRTMQEKAELMYK,Negative
DMITDLDFETLYQYMLSDKKNDKQ,Negative
DMVTVAYAVSQITKFTGREKPSVVTME,Negative
DNHISALGPETMQSLRTIERKAKISRLGI,Negative
DNLYHQI,Negative
DPVSKIFFEQGTYQCLENCGTVALTI,Negative
DQNAHKKLNYVYDALKLTREKLSQ,Negative
DQQHHGLISKTIQNKLQ,Negative
DRAREATAPAKMAMDFIRIRGARTHNLKNIDLDL,Negative
DRLLSGKQILALTLTYKFKLE,Negative
DRWILHNLNETIAKVTENFDKFEFGVAGHILYNF,Negative
DSDPEIFGAIEK,Negative
DSGYDTENYESPEFVLKEAHESSEPEAFG,Negative
DSHLENESGVRMVALFDHEEVGSDSAQGAG,Negative
DSIGPSLSPET,Negative
DSKKYKDRISAAQ,Negative
DSLTNAVGLLKEEMRRLDSIIMRNGEAHRV,Negative
DSLVLSLKKIYSTETQTIPSTQNNNLPPIP,Negative
DTAELAGILMSNSLV,Negative
DTAGIRET,Negative
DTFDRVRFPKIHYAGMLQYDGELKLP,Negative
DTGLDSEVACEIAVEFGHRPRVVSIVKMEQELS,Negative
DTILVSVMHVNNEIGTVNDIAAIGELTRSRGVLYH,Negative
DVASTTFESDK,Negative
DVETEALATL,Negative
DVFAVATGEEDGCGVVFKIREGKLLGSQRIYMNN,Negative
DVKGSYSAQ,Negative
DWGKFRE,Negative
DWNGAGAHTNYSTKTMRNDGGYEEIKSAIQK,Negative
DWWVSKHLKRPLRSTILSLDWHPNN,Negative
DYPEYDDAIIMSKEL,Negative
DYRVEGDYSQAAFFFCADALSSNIVL,Negative
DYYQPEAYVPAS,Negative
EAAEQEKTVEEHWAHMVVHGSLHLL,Negative
EAAQILGGNGGGRDDFATAGGKDLSKIDEALKQSL,Negative
EAARALKAALAEEEPA,Negative
EAAYCNHLDVLRLLSKTTLTCLGDFKQLHPVGFDSH,Negative
EADSADGSFMDELLTLMAAHRVWSRIPKIDK,Negative
EAHAREARYRAFAQTLLPGEVLATAQHLDDQCE,Negative
EAKITPRTKPFRQMSDNQSWNSSGSEEDP,Negative
EALIALTNMTPTN,Negative
EAMEEELNVMMLPK,Negative
EANGIVPKGVVKDITDI,Negative
EAVVCGTATVAGSRCVIAVMDFRFLGGSL,Negative
EAWLIDSVE,Negative
EDAGERQMFI,Negative
EDGDQLFANN,Negative
EDIAEELIDLYKEREMAEGYQYGEDTAEQT,Negative
EDLDRFEENG,Negative
EDLLSEI,Negative
EDPAISERFGANLEQARQ,Negative
EDQVSELKSKEE,Negative
EDYDVRNEEKLPCHTSDKLQK,Negative
EDYKDVAAVADQIGIPYYSVNFEKE,Negative
EEDEMRTRVNKEMARY,Negative
EEEVEEPEERQQTPEVVPDDSGTFYDQTVS,Negative
EEFFNTFNALHDK,Negative
EEIKEVLAGDIAAAIGLKDTTTGDTLCAENSFI,Negative
EEKQEGVYGPESLA,Negative
EELTARPVAIEY,Negative
EELVVAGGGGLRRF,Negative
EENHIMSNLRQVGLKKPVERSSVLDRYPPAA,Negative
EENVFVMT,Negative
EEQMAAECLQINDLILSVYKDFGFEEITIKL,Negative
EESELAQTLRLQRQGEEDFLAFSRA,Negative
EFNQQAIEETERALEKWGSIFIKAASQGSSVGC,Negative
EFQSNLFNKLAAVAALPALKGLKN,Negative
EFTEEEEEKEKLLTYKDIEVQVPIRTRR,Negative
EGAGEMFRVSTLDLENLPRTEHGKIDYSQDF,Negative
EGAKAVASGMNPMDLKRGIDLAVDAVVKELKNNARK,Negative
EGDLKLTQESIMDLENDKLQLEEKLKKKEFDI,Negative
EGFDVGLE,Negative
EGGFAPDLPNNEAAF,Negative
EGGKVTVKTEAGAT,Negative
EGKRILIEGGQATMLDIDFGTYPFVTSSN,Negative
EGPEIEDDWHNFEALNF,Negative
EGRPSEKETLTSRLIDRPI,Negative
EGSAGRICGAQPVPFVPQVLGVMIGAGVA,Negative
EGSRELEAELEAQLVQAEQRNRDLQADNQR,Negative
EGTLIEHDA,Negative
EHAAHAS,Negative
EHFDLQSETLMSAMA,Negative
EHGVKALT,Negative
EHHPAFP,Negative
EHPRQIPCYITYTNSKTHEIITNNLDKSAMY,Negative
EIALAGSNPLSTQDDVAAGLAKNG,Negative
EIDFKYADAVTAC,Negative
EIDSFVDGIDLSETLTRAKFEELNLDLF,Negative
EIEDDESDGMHYVDLSKNPERYT,Negative
EIKGFTGVDD,Negative
EIREDVNVEMFSRVIRRAWE,Negative
EIVAEKKKEEVDAEMNPVTKQFQFGQSTVTLE,Negative
EKAVHLQEELIAINSKKEELNQSVNRVK,Negative
EKDSDDVLRELNRQPLNLQAKEGLALING,Negative
EKIQRNFGMPRPEGY,Negative
EKISDLPGMPALDAPIYADLHTCLEEVEAD,Negative
EKQGVPIRLIALGRVYRRDLDQTHT,Negative
EKRMHELAEKNYDVI,Negative
EKVKRFFFFYAINRHKQTVLTPSYHAEQYSPE,Negative
ELADEARKKRQFTDVNRFTLRCMVCQKGLTG,Negative
ELATQIFEEARKFTYRSWVRPCVVYGGAPIGNQM,Negative
ELCPPSFCSNGGHCYVQASGRPQCSCEP,Negative
ELDEELDMLAQENANQETSKIVN,Negative
ELDNNAECKNGFILDGFPRTVAQAERLD,Negative
ELDVVQQELEARVETLSATVSEAGERR,Negative
ELEAGGSEPQDYLHPSSAQDTPELHEIHSQNNK,Negative
ELFDPRIGA,Negative
ELIDQLARTQASALETQGLGLVPMVVEQSG,Negative
ELLKAENSELRDR,Negative
ELLKDAPGVELSDIPTPLQAAGK,Negative
ELMEFER,Negative
ELNEAAETLANFLKDDANIHAIQRAAVLLADS,Negative
ELQGRFPLRVELTALGSKEFLRILT,Negative
ELTLTQLQKIIP,Negative
EMAERSGRKIP,Negative
ENDIDIVRVGDVQRL,Negative
ENRSHVIFVLWGNAARKKCDLLFHSSHKHA,Negative
ENVRSHPTALYIVLP,Negative
ENYPIALLFGGETTVH,Negative
EPEAGMW,Negative
EPPHFGRVNVTTWQIPPLETTMDGVDG,Negative
EPQRSRLQELAIVMNEKVGLLTEKNEK,Negative
EPRLSSTVRGL,Negative
EPTDAKQFKQDSKYSHG,Negative
EQNEQAQDIQNEQVEQSNEQ,Negative
EQQAREAAEQKARLQTEQKAKATLDAMRAA,Negative
EQYPAYL,Negative
EREEVERKLAMSKKRLYEIA,Negative
ERLRQELNLSRKVYEAIRKVP,Negative
ESEDFSVGEIK,Negative
ESFSQMT,Negative
ESKCLVIEKNGKLRYEIDTGEETKLVNPEDVARLIF,Negative
ESLELAIAAMTGMIRDVTIRADRMKAAAGSGYSTAT,Negative
ESQFLSKQNVYDLARVVDELNVPVMAFGLKN,Negative
ESTFKSGEKFEVPNVENKE,Negative
ESVVHRVFGRQSLYQRGLGV,Negative
ESYMRLNEKALDDFCQSLVDYL,Negative
ETALEVFASRIHKYIGSYAARMSGVDAIIFTAG,Negative
ETENVNWPEFLKSVNDFGLPPEDLVIGLKP,Negative
ETFESFDPLTVKMYVCGPTVYDYVHIGHGRAFV,Negative
ETGGEFGKGVIRAELDVKPDLWFFGCHF,Negative
ETHIALIGVGNLGRALLHYQFQDRNK,Negative
ETIVLRHPFGQMKVDVLLGLQWGDEGKGK,Negative
ETMKIKDDGQGHLDLFLSFLNEKLL,Negative
ETNIAENYKIKTRASYF,Negative
ETPMMHVIPGGASARPFITHHNALDMPMYLRIAPEL,Negative
ETQLDPGKNIAKCRICNGEHWSV,Negative
ETQMVKLYGDSKP,Negative
ETSVASG,Negative
EVAETVLGKLPKPRYADYLPFKD,Negative
EVDSQNEMLDRIQYKA,Negative
EVEILENAKTFIESEFDCEVIVNGEDVKGK,Negative
EVGAIERLLQVFDLPVTPPDY,Negative
EVVDVRKAQAGD,Negative
EVYGPESSGKTTLTLELIAAAQREGKTCAFI,Negative
EWQNNKQSKQYI,Negative
EWRSILA,Negative
EYDVDNILVAGPGFAKNSFYN,Negative
FAITGHRNRRQKTRNTSTLESIPGIGPKRRKALLQ,Negative
FAKMKSSAIFINAGRGPVVDENA,Negative
FALSYYQQIPMIEFYSNCVLVQSLILSLFLISF,Negative
FASGNPIYGLILNGMKGLYTRIGRHYFANPEA,Negative
FAVMKGQIAK,Negative
FDESLKSKDFVKLINKRLSQKINATNEDDWNLLE,Negative
FDLTGIAPAPRGTPQIEVTFEVDANGILNV,Negative
FDVILADA,Negative
FEDSSFEARKAFVTQ,Negative
FEEVFDENPDVMIRVIQVIMIRLQRVLFTALR,Negative
FEFRGAKL,Negative
FEFSKELLKR,Negative
FEHEMKESLKTPIKIHNLNPQVFKEMMGFIYTGKA,Negative
FEPAKRMGFTEFFSNGLVNEDLSPYEV,Negative
FEQGHPVALNGKT,Negative
FESINHVVVF,Negative
FFETRDELTTTRGMDGWVEVSSPVEHKYVQ,Negative
FFLIADSGVQTHRRTK,Negative
FFSLGNLWAIISSLATQRQAEGILNLIEAKWE,Negative
FGDFTPESESSGISGDCIVPKDADKTITTS,Negative
FGGCIVALVPPALVDDVKATVAAKYQAATGL,Negative
FGISARSVTVSTVGLAPAIRKLADERLGVTLALSL,Negative
FGLIDTAEKSAQVLVKVYSMGGMKQT,Negative
FGLMEYKTPFIAKKLGVSPKAVVRIAQQL,Negative
FGNFCTEGTGFSRLFPGLTPHLLML,Negative
FGNPLNTAALFIILLHLIIESKSLTWIHMLVIT,Negative
FGPSLRGILTGGSQAPDLNKIMTALG,Negative
FGSLRKVGQQSSDEEDDGS,Negative
FGSQCIVLSVDARTVPVGSAPTPSGWEV,Negative
FHPEKSGDAGSQLLKNWIATLMLAKRIIPCLD,Negative
FHYLSKHMGQVMTR,Negative
FIDLSLVLKRFYLLRDVGLELFFKDGRS,Negative
FIINLFD,Negative
FIKKLDLCEQQPIFQNLWKNLDETLGE,Negative
FKAMSQQIKLLVGLANPGPEYAKTRHNAGAWVVEE,Negative
FKDEGDAIWLVGGEGTH,Negative
FKKLTADSQAV,Negative
FKRSQPYATIISLLDKYSSTVQEHLLP,Negative
FLNYNFSKNNNTKIVMAFDVDERKVGT,Negative
FLRAMPQVVNGTKHG,Negative
FMEINGVEIEDTYAEAFPIKIARVLITAVTKRWAQ,Negative
FMIVPAGAPTFKEALRWGA,Negative
FMLDKLQNEIDQELEHNNSL,Negative
FMPCNPS,Negative
FNKLDALVFTGGIGENAANIRKNIISKL,Negative
FNKQDYDLMVF,Negative
FNLRDFANIFQG,Negative
FPLESFHCPSPKKMSFKKMDPSC,Negative
FPNQFPFVGNARHSLTQKCIWLVILLTTVASV,Negative
FPRDQCYVVEVAIDENLTKNFVCLQTAVLHTTCNG,Negative
FPTQLARHIKFGQKSHVEC,Negative
FRLHREPDLPGTLLQEDILV,Negative
FRPGMISINLDL,Negative
FRTVSNRVVTKQLPPPPSQPQIE,Negative
FSDEPKLMLTDVNRCQFAHSNKDFKHDAHP,Negative
FSENERLTNSIIWNSPNVSINRQRKSYPLTTKV,Negative
FSQEQQLMKRGLKHIAGIDEAG,Negative
FSRLGIKLAETHNKGYRWQHEAVIALA,Negative
FSTDWYMTWLANIHS,Negative
FSVMEPQPPDQQVRWFSFDP,Negative
FTAKLAGTERGITEPTPTFSA,Negative
FTGEAIRITLAEKKVKITDGSDKDAPTIE,Negative
FTIQQGFPYHKMKLLVAAVGRWRGGPERALF,Negative
FVNILQMRKLREGRAFNVDERIIAS,Negative
FWAFLGIMLQIPLIVL,Negative
FYIIGAITLNNLLLR,Negative
FYLVIFLKFIASIVPTIEVDSTTSTALM,Negative
GAGLLGGPVRFVLAGSGHIAG,Negative
GAIEVSMPVVQPADLWQES,Negative
GAIVCNSGHFD,Negative
GATYHKLYNAPKVEGTCDVCGHHEFYQRDDDK,Negative
GAVVVPGSLPAKDGSHSLYCAVIIKQV,Negative
GAYLEFP,Negative
GCASFTAQVIILNHPGQISAGYSPVLDCHTAHIA,Negative
GCEHVDVAEQLAIDRVKKL,Negative
GCSATFSVLKKRRNCSNCGNIF,Negative
GDELTLADCNLLPKLHIIKIVAKKYRDF,Negative
GDGIRWLSHFGNMPK,Negative
GDGRLQQEFDQLKMSLAAEGLFAQTAK,Negative
GDGTTTCSILTSNM,Negative
GDIFRQTIDQKGPYWEELKSYISKG,Negative
GDMFRAAIK,Negative
GDNGNFLAYA,Negative
GDPVELARLYYEQGADELTFLDVTATVEDRS,Negative
GDQKKDANLIGQFGVGFYSAFIVADQVDVYS,Negative
GDTLAAIDLFGIKDK,Negative
GDVLEPEQGVMAIGSGGNYALAAARALIE,Negative
GEGAHVKIVANLPYYITTPILMQLLRAKISW,Negative
GEPWKVCVN,Negative
GEYNAEVVMT,Negative
GFGTGLNFLAVTALFRE,Negative
GFHDIEILNTSKGVP,Negative
GFIEVPGE,Negative
GFLFGAPVALGLGVGFVPVRKPRKLPRETI,Negative
GFYGKNCEVSAMTCADGPCFNGGTCMEK,Negative
GGEVFAE,Negative
GGFNIGRKNMEFIIKNNDNYESLINSATQLLQT,Negative
GGGHAGTEAAM,Negative
GGHLTHGSPVNVSGKWFKVVHYGVE,Negative
GGIISVKSAKEKIKAGASLI,Negative
GGLAIAVEGPSKAEISFEDRKDGS,Negative
GGLVGGDLLVFEVNLEKNS,Negative
GGPEGLSPACKAAAEQSWSL,Negative
GGPKSRPIESIMALNVKRA,Negative
GGRGRGGGGRGRGGGGNRDFR,Negative
GGSMGGGLQFPSNLRGLPALFLGLIKHVGLRKSAQ,Negative
GHDFATFLEQAI,Negative
GHPSFVM,Negative
GIDKAVGIIIEELKSMS,Negative
GIFTGRSPKDKYIVRDAITQDTVWWADQ,Negative
GIGPEIVAQARNVLD,Negative
GISTSLP,Negative
GKELIVFPREESYLGTLVDDLCTKDL,Negative
GKSGHGIHCLGVRVGKYVL,Negative
GKSTLLNNIMKEKLSIVSHKPQTTRNNIQTILTQED,Negative
GKTETKPNQSVVWTKEE,Negative
GKTVGEHVGLMFYTLGQRKGLG,Negative
GKVIGGKSTKASLTCTSTTEAEI,Negative
GLPTTLN,Negative
GLPVTLTLPEVV,Negative
GLQDAVVGVEDDDVVMLITGVTQLRAYLGT,Negative
GMSAQKPGLHPRNRHQHRYDL,Negative
GNCNDSKLEFGSFWELIGEAAKSVKM,Negative
GNEAIGALIQNYIREIEELRTKLLESE,Negative
GNTGTKNKKGLETKEIVEPELSIEVCEEKASAVLPP,Negative
GNVWQIGEALAEWLQQRDMSCYRVEGGFPVSGCI,Negative
GPGPNGHSHLLKTPLGGQKRSFSHLLP,Negative
GPPMMNAAVIKMLKDLG,Negative
GPQHTVVLKDQDGN,Negative
GPYYPYLGSNTKESTSILQPWEKETKVP,Negative
GQACSMGAFLLAGGAE,Negative
GQEDADRDGIGDACDDDADGDGIL,Negative
GQLAAVGGMWLPLVLFLA,Negative
GQTYADLKAINVNAVVNSLMKMLDFFT,Negative
GRANSRNYYTEFAEKLPKDTVILTAGCAKYKYNK,Negative
GRLTTFPGSSKYQIVIESLEPAGAGALMALLEERKR,Negative
GRMSTKEVDEQMLNVQNK,Negative
GRRKKRADGKQ,Negative
GRTVVFEVLWDKLAERVVPEAADISRFP,Negative
GSAAAHAFV,Negative
GSAYNLICYFTNWAQYRPGLGSFKPDD,Negative
GSGKTDISTGLPFFDHMLTALG,Negative
GSHRRFEKVLDTERVVLIDDYAHHPV,Negative
GSIAGLEGGSQLALRR,Negative
GSILSERTRELLKGHTVIYLEISVAEGLKRTGTNT,Negative
GSILTHDHYQGGRHV,Negative
GSLGVEASEEDRHVALNRP,Negative
GSLLVISQFTLFGDC,Negative
GSLMKRPMQRVAG,Negative
GSLPLCMLLERTGASE,Negative
GSNGVINLDSVENFDQAYQ,Negative
GSTAISNPGCYATSIILG,Negative
GSTGEAFVQSLSEREQV,Negative
GSTPLTYMP,Negative
GSWIGFMVVYFTAMGSIDGTRPKLSKDNKKL,Negative
GTGTHPTTTMCIRALEKTVQ,Negative
GTVVGYTTLS,Negative
GTVWAQSADFPQFKPEEITGI,Negative
GVCGKASLQAVSQVSRFAPGGDPA,Negative
GVKQMGKEKFHINIV,Negative
GVNHKIGEVHDGAATM,Negative
GVSEPYRMFTSRAEYR,Negative
GVTLRAAHARPRMAEEVIT,Negative
GWWLCMNLETSAQGWAPEAYLEPIVAKT,Negative
GYIAINISSPNTPG,Negative
GYIREVVIAG,Negative
GYLMDENAAMFQEIQLLQEQINDNSQLTQFA,Negative
GYRQPNNHQTNEQGDKRITHRSQGDTNDKRIERK,Negative
HAHDHGHAHSHGDIHDHGHAHKHG,Negative
HAPPGEFNEVFNDVRLLLNN,Negative
HARIVTAPYEVTEVTGRFLKRLVRILREAE,Negative
HDENHPYRTWNYHGSYDVKPTGS,Negative
HEARLHILEQMNTVIAQSRSEVSDNAP,Negative
HFHFYEANAALDFEREMAYGKHLDIP,Negative
HGGNHASIQAAIDAVRGGESVNSADAEGQR,Negative
HGMELTRTLGNLPGNVCTPTYLGD,Negative
HGVATATVCARFGLECIIYMGVQDMERQKLN,Negative
HHIAGHIYANH,Negative
HHNDAPGTILDVAAAPG,Negative
HIANLCKVVAPAPSKSRPE,Negative
HLIDNKKTDNTADEIQTTPELSEWELAQDEFNAWFK,Negative
HLKSLMGYQSNLE,Negative
HLLTNFEIAIDPAVLPELSEDEFYWRELFGMQVV,Negative
HLSRADAEKFYAVHAERPFFKDLVDFMIS,Negative
HMLEEAEKRDHRKLGKQLDLFHIQE,Negative
HPLVRILIGEQIYRAW,Negative
HQASGRSYHIVYNPPKVEGKDDVTGEDL,Negative
HQKALVRERKRT,Negative
HRDIKSDNILLSLDGNIKLTDF,Negative
HRIALNLREQGR,Negative
HRTFNIELLAGENNYVTQLKENNIRVKLNYELI,Negative
HSFPLHPS,Negative
HSGSMGGSESSEFMVRTDAGEDL,Negative
HSPAKLEQLILKLDWMCLDLNQVLK,Negative
HTNERTHDVIRANL,Negative
HTTMVSEEIIMQFLNS,Negative
HVPELKRMGAKAEIEGNTVICGDVERLSAAQ,Negative
HYSWYRDFRRYGSVPHAGF,Negative
IAAPNLPSSTVSEHSSVQNND,Negative
IADYDADLWQAM,Negative
IAIAEEIAKI,Negative
IAIEEGLR,Negative
IAPFTVGILPMNMHKSH,Negative
ICSLSTMYTFLL,Negative
IDEARWLSNVDGTHWLEY,Negative
IDLVINLPNNNTKFVHDNYVIR,Negative
IDSLPEKYNTRVGDKGTQLSGGQKQRIA,Negative
IEDLRSKMLAASEEMAFERAA,Negative
IEGRDRTMAWTVVNSICNTTGAEKPKFLPDLYD,Negative
IEKFGAFVELFKGTDGL,Negative
IEKKIAASNEERKKIEELRKRIE,Negative
IEKYKANLQFKL,Negative
IEKYQEVEEDQDPSC,Negative
IELELEDMADDRKA,Negative
IERAHRISLLIERAL,Negative
IESLDEVFAKKYDEKNTIEAVEGKLFGTGIESYTV,Negative
IETGVVFLDHMLTSFSRHS,Negative
IEVAKQHLASMSNKA,Negative
IEVVLQVLSISAITTT,Negative
IEWENSEERKQEKLRQSDFASVDPAPPMPEDDEKQT,Negative
IFETVNSVRHPFLVNLFACFQTKEHVCF,Negative
IFKSIPEVHITLTQLTEAEHMLDLVASTGFGIMFNS,Negative
IFNVWKPNKLIVGLPLKMNGNTQH,Negative
IFSNTALVNCMRQTLQDTGHNP,Negative
IGDHNVIREGVT,Negative
IGEKRFKTFLNEFILAK,Negative
IGENMTIRRFVRY,Negative
IGKSKVVPDDDQA,Negative
IGQGASGGVYTAYQHGT,Negative
IIEGIGPRYCPSIEDKVMRFA,Negative
IIMTSNSEPMSSKDIKVCISQIQDLIVIR,Negative
IINDTSHARADNCTGLKEEE,Negative
IIPRLREPKDLYGSSSQDGC,Negative
IISAPVEALGYELVGIEFIRGRQSTLRIYIDS,Negative
IIVDPARELKVLISNLLDLLTEVGVSGQG,Negative
IIVEEKLEAPDIDLDLELRKIINIRAGGSLRLFVP,Negative
IIVKHNLDSFESASSTIQS,Negative
IKDRQFTIGGLLEATEYEFRVFAEN,Negative
IKMGQGKSREEKGTNSTN,Negative
IKPNFAKYKEE,Negative
IKREGDK,Negative
IKRFVANNPSTL,Negative
IKRTFNVPVITDVHEPYQAEPVAKVCDIIQLPAF,Negative
IKVRSDRDRTHVFLNGTPYEPVAEALKNVFGIQAF,Negative
ILCAEFPDEPKWMGGAELSDDGRYVLL,Negative
ILEDGPQG,Negative
ILFHYNGH,Negative
ILFQELQIPTT,Negative
ILLGSSGVGKSSFINS,Negative
ILQQDFCHAIKVGVKYTQQIIQG,Negative
ILRALGGEPPVYAHLPTVLNEQGEKMSKR,Negative
ILSKSIEKMQSDTQEANDIVTL,Negative
ILSNFVGFCIPTYYSLKALKTATSTDD,Negative
ILSTTLVYSVVYGYRFWTGFGLPGSAFP,Negative
INADKNFGHSDDLAGYQI,Negative
INEAHMRDGVSFIDPDTAYIDADVKIGN,Negative
INEARSQGKKIFPKEEDVFTAFSLTPFNNVTVVI,Negative
INLDAIALMSCNPA,Negative
INWNEQRLIAYAENL,Negative
IPAFFFHTSATVTRTLVDFFVEHRGQLK,Negative
IPANTDKEEVFL,Negative
IPATIRQQPPSVVADT,Negative
IPGSEHHL,Negative
IPIPQYPLYSAALAEL,Negative
IPKPMRWADKTVQFIRPVHTVTMLLGDELIEGE,Negative
IPPDQKQKGTPAMDSSYAKLLQQQQLF,Negative
IQDWCISR,Negative
IQPKRATVEGFDAYFTSRTL,Negative
IRAVHVFRSMNEVVIPSVLQDVPVRTSEPRKQNLLD,Negative
IRDLRLGEFDVLVGINLLREGLDMPEVS,Negative
IREGHVEDVYAYRRRQRFSVRYGEMLFMSKLILA,Negative
IRGVKVGPSPDWLQQRLLAAGTRPIN,Negative
IRGVVRSALTEGLEVM,Negative
IRLRTTMIVG,Negative
ISASAEELRQRLAPLAEDVRGNLRG,Negative
ISDFFIA,Negative
ISMRIVEQQTE,Negative
ISNGDFESYTKMCDPGMTAFEPEALGNLVEGLDFH,Negative
ISRVIDRSIRP,Negative
ISSRLLIGSALYPSPAIM,Negative
ISVMGGEQAANVLSTVQKEKKKREGADWTDQQ,Negative
ISVYRDKLVKCGGISL,Negative
ITDITPPDLETRIAILRK,Negative
ITEEKSYKEAVAEGAIALFGEKYGDVVRVVK,Negative
ITLQPVRRHGVDAGIFFSDIVVPLKLA,Negative
IVEHKDATDEQRQIQEINTG,Negative
IVIRHLYIERRMVPLN,Negative
IVKGGDQSKMEEGEVY,Negative
IVLIGKGLTFDSGGISLK,Negative
IVNGGAHADTG,Negative
IVPEEPTLPFPEKVRCIKKYQ,Negative
IVSKELYKFFDKSGRELALRPEGTAPIM,Negative
IWNGPMGVFELAPFAEGTRAIAQAMANCPGMTIVG,Negative
IWQDNTTEQTWQVLDAFGGNHQEQIG,Negative
IWVLEHPPVFTLGLAGDAGNLHSPSNQISL,Negative
IYKGGRWQDIG,Negative
KAARAATAATAAPISSPTTRGK,Negative
KADFEQRSRLQIIPA,Negative
KADLQASRQVEQ,Negative
KAGAEAALAASIFHYGEY,Negative
KAISGVDPKDLKGLADDGKTSIGSGVV,Negative
KAKWRCVNYNNNQYASASKFGYLATSSRN,Negative
KALAKEHGIEIKDTMKYGHILNEFFEQKVE,Negative
KALAQAKLSAEEVDFVEIIGGT,Negative
KAPTGTNCFLLRAPKSRE,Negative
KARIQELFAEAGLDAKQAKLRSKQVYH,Negative
KAVNKAGPGKPSDPTGNV,Negative
KAVQKETGHKGK,Negative
KCVDSPVYKEAIETLILLLAP,Negative
KDGGRHALPRMIIFTDV,Negative
KDQHLNG,Negative
KDVIKDGLVERFTELRKMGIE,Negative
KEEDDYDVM,Negative
KEEGKKGGTLEEQIVQTNPVLEAFGN,Negative
KEPAVLRNGDPRLKA,Negative
KFYASVRIDI,Negative
KGIEVVLMYDRIDEYV,Negative
KGISEIIS,Negative
KGITRPEMIIPESGHSAYDKAAQYFKIK,Negative
KGKHIITSK,Negative
KHFRPSFNSEIQLFLGFVKEIYTNLPNH,Negative
KHLFTSESVSEGHPDKVADQISDAILDAI,Negative
KHWDQEPDVLHDDTIFEIFNNRNC,Negative
KIQELREAQLYSVDVTLDPDTAYPSLIL,Negative
KISAAVKRHSNAGLFYLTILTDPTTGGVTASFAMEG,Negative
KIVAEADAVVLATEHSVSLHLAAWF,Negative
KKAKLVDESVY,Negative
KKALLRALLEPTETLRKLEQNGDYTARLALL,Negative
KKEGVTPQEVIDKYDGIIRKSFADFGISFNNYS,Negative
KKLRLPASMIID,Negative
KKSSFANVAAATPAIKKPPSGFK,Negative
KLKERIDTRNELESYAYSLKNQIGDKEKLGGKLSSE,Negative
KLLAVKQRPW,Negative
KLPIPKL,Negative
KLSLLPKDKDDARNAILEIRA,Negative
KMELQVRKQREV,Negative
KMEVEWLEQHVKHLQDDENQF,Negative
KNCVIQHVKYHGKTFIIATVGYGKANAAMTI,Negative
KNNMINNDLGPATAQMALQLFIKDYRYT,Negative
KNVVLEIKGASGGNEANLFA,Negative
KNVYTEIKCNSLLPLDDIVRVVTHDDCIP,Negative
KPGKGSAFVRVKM,Negative
KPMKPVSPGEAETAENPRARSAHLRAARRTA,Negative
KRAIDRGVGGADGANYEEIRYEGYGIS,Negative
KRDSLGTPGAAHLIIKDLGEIHSRLLDH,Negative
KRKVKGRSRGK,Negative
KRTNVIEHPLFNKG,Negative
KSFEPLPTFTPELFMRVQAKNVMKQKSFQKGIDQ,Negative
KSLYQNLQVRAEG,Negative
KSPKPGQDFFPLTVNYQEKTYAAGKIPGG,Negative
KSSKEQKKKQKV,Negative
KSVFQPLRDSG,Negative
KTDTFSKTREEKMEDIFAQKEMEEGEFKNW,Negative
KTELYHFIGKDIVYFH,Negative
KTSLLMMIMGELEPSEGKI,Negative
KTTLTAAITNVLAKKYGGIPKA,Negative
KVAFIGDSNNMCNSWLIAAAILGFEFSI,Negative
KVGYTPDWIFLLRNVMRISPDQGQQF,Negative
KVKWQQVRQELAEEYEQVKSIV,Negative
KVLEVQPEKLELIMDEMKQILTPMAQK,Negative
KVRSFSSDNA,Negative
KVTIDQGTLSRGSAIVVDPR,Negative
KVTLGPKG,Negative
LAEDFSDKHHA,Negative
LAEHLGLVEVQGPILS,Negative
LAELAAAARPAAPGPFLPRPPPRHTLASH,Negative
LAHDLGIQTFDISGRGGT,Negative
LALEGTDVGKVKAAHGLAKIAA,Negative
LANLKVSQIKKVRLLIDE,Negative
LAPTGMFVATAKYMVIQGEPGAVIRGKKGA,Negative
LDEAIHWVNFGIYFNHG,Negative
LDFLAVAVADLGSIAER,Negative
LDFLSHSRP,Negative
LDGGVLVHVQKWDGKSTTIKKRRDGDKLVV,Negative
LDPGGALMAHESGLKESPSWVTQRAQEMFQKTG,Negative
LDPIVAKRVRHILTENARTVEA,Negative
LDSLGMRPKAVNIRTMP,Negative
LDTHFKLNIEANHA,Negative
LDVTVTRGDQEI,Negative
LEALEGVKDLTE,Negative
LEARANYRSALV,Negative
LEEAVLSDRDTNAEAVPR,Negative
LEENSVDAVKVRSVVSCD,Negative
LEITVDPIEITDEEVDTELQSLRARFGTLT,Negative
LEKLLDSRKIEIDPENPDVV,Negative
LEPTKATFN,Negative
LEQVEEKQRQLEERGVAVEKAL,Negative
LERLLLVHG,Negative
LETEVRLMGEFPPDELAGLDGH,Negative
LETFICSAFAACFAE,Negative
LETYTPDSISALHNIRNYLVE,Negative
LFCNFFLWLTSMAEQCCGA,Negative
LFMECEEEELEPWQKISDVIEDSVV,Negative
LFNLMTDGDG,Negative
LFPEEEIVTLAEGYAKESGARILITEDADEAVKGAD,Negative
LFRTVLESGISEVRSDRDRFVIY,Negative
LFTIGKELGT,Negative
LGAEIKLEEGYVKAS,Negative
LGESRVVIQDYDNQHEQDRPTPSPAP,Negative
LGLDWDEGPYHQSERMHIYQQYTQKL,Negative
LGSIIGGIGSSLLGGIASGGISSLLNKMFS,Negative
LHDFGIQSTRYLQVNYQDSQDWFILVSVIA,Negative
LHSSTVLKDVV,Negative
LIELELDFAEEDVEFANRDQFKD,Negative
LIHQGTKLIPADFLIPIESHNPIDNNK,Negative
LIKKHNIDILDIPIAEITRQYMQFVDLMREMRI,Negative
LIKRLDQSEMVKLAEEALNKSTAEE,Negative
LIQADQNIENIVKESVTKT,Negative
LKIFNTLSRQKEEFKPIHAGEVGM,Negative
LKKNGVDVYNGFGDIKSANEVVVNGESLKT,Negative
LKKQLALAEGKPLET,Negative
LKLTGKSLPPSLPDNI,Negative
LKNQISRIREQANTIETIVLMAVHCMNFKRRGGIGD,Negative
LKPEMLAVRRLTRYTFLK,Negative
LKQEADAKLKKENDDKLKQEADAKLKKEKHDKLKQE,Negative
LKSGYPLVYP,Negative
LKWNLAVIQLFSAEGMDTFIRVLQKLNSILTQPWRL,Negative
LLAGAIRCGETRLIDHVFLMKRR,Negative
LLAHFGRPKGAVVPEMSLEAVCQP,Negative
LLAQVDASIGGKTAVNHPVGKNLIGAF,Negative
LLATVACLGASPRLKVSKPS,Negative
LLDSFVTEKLDAIDVAHIAAEVQGLGTY,Negative
LLFKSPTCTQQDVKAAEELKDIAKVDIQKYGLDML,Negative
LLFLKFSEYMLPLLGRVHLSYHLFALWVINLYI,Negative
LLGVFQKMRIILLGAPGAGK,Negative
LLHRRQIDTLVGKIREGNFALVPLSLYFAEGKVK,Negative
LLLSADLNRLADYLNPDLKKLQAKGITSVKSR,Negative
LLNALAGREAAIVTNIAG,Negative
LLPPGPVMVDVAGGQLTEQE,Negative
LLQDGEHGLPEDTSLSHNEPIHGLLD,Negative
LLQNKLH,Negative
LLTADMLKQLQKEWLTQRPEQGKEKV,Negative
LMEAGFDVDVATLSGYPVKLELWAMP,Negative
LMEQFLAQDENALQPFETSFQQLE,Negative
LMIYLKPVLPKLANYSECFLNTRLTWGSLSA,Negative
LNIPIFRIDFIKEYWDEVFSD,Negative
LNKMRDLYRFRRVRQFLFGAEN,Negative
LNTDCPRC,Negative
LNVKKFSAVHEFQNLHAMYKARI,Negative
LPAYTHLQRAQPVLAPHYWLAYIEKLERDRQRI,Negative
LPEGTSAQKAELVALTQALRLAEGK,Negative
LPEPFDPHRPYVDQVELACACGGTMRRVPYV,Negative
LPPPLLSREDWRVAQRFHNSESVFDPVGEWRKKT,Negative
LPSGVHKKTLEVYDYIF,Negative
LQFEEAVQSVAREGQPHIMCSYLFELAGI,Negative
LQIRAPVNPTIWPL,Negative
LQLEKATQRQERFADRSLLEMEKRERR,Negative
LQPGCLRQDGSRQLAVAA,Negative
LQPGLAALTWTSLNIEAYLENTFAKIKDLELLLDR,Negative
LREQALKAIQQVQ,Negative
LRHSNIVKLY,Negative
LRPEGTAGCVRAGIQNGLFYNQIQRLWY,Negative
LRQCLVTHNGRLLGIITKKD,Negative
LRQVEYMHKTLEAVLSRAVRDRVGVSCLE,Negative
LRWEELTKLDRDARKRESRHLR,Negative
LSEMNMVVEGIYTTKSVYHLAKEKNVDMPITNALYR,Negative
LSERPPNCHVADLETSLD,Negative
LSFNSSNGLTNNDPEYEDREPREMSKKFLNRRS,Negative
LSLLGQKSVPY,Negative
LSLRRSMQSAMIKDDLIFWLVRELEDPDHL,Negative
LSMCGNSGYEVIKILEPYVVNSLVQ,Negative
LSNIKLKVEDFLNLSTQLSGFHICIDKG,Negative
LSQILDDVLDDRSSSHSVEKLKDVA,Negative
LSQSSLLLEHLLRSWERIPKKTQKSL,Negative
LTCPFAGNCKVNKA,Negative
LTEDEQFLQSLTKDEMNKVITSQSNTSVEINSSQ,Negative
LTEQVRRKPYSVILLDE,Negative
LTFGNAFHG,Negative
LTIPNLPADEVPVGKDENDNV,Negative
LTLFEPDNSSHPITL,Negative
LTNYAIKSERVHTINQLLKAYTMFEKDD,Negative
LTREVGYLHRVLSET,Negative
LTRIKAMRTSQYLLSTLKETPADAEVISHQLML,Negative
LTRRDVVVVA,Negative
LTSRGIDAEKVNLV,Negative
LTSTVSEKEKEMETKIVELKTRYEKELSQLGQEN,Negative
LTVAEIIGQLWWANKALTETFTSEAGRER,Negative
LTVFNFAYLKVGSNIEEITGNQANLLEL,Negative
LTVSRSRQITVDGWQRPVKIKKMSAS,Negative
LVEDPYTEKESRMHVIRMRELVGAAG,Negative
LVLSDMAAPT,Negative
LVPGGGASEMAVAHALTEKSKAMT,Negative
LVRYGKQTMTGAIKDGLSAMSRYYLNNFQDGVRQ,Negative
LVVGITSGVWVWSSKTFQT,Negative
LWAAALTSWISDRVLCSFWQRIHFYYLHSI,Negative
LWGRPAQEKIKMIDTTRHVII,Negative
LYAEFENYKRRIQKENEINKTYQAQRVL,Negative
LYANTNT,Negative
LYCRCHIEHPG,Negative
LYEKGLAYEAEVPVNWVEE,Negative
LYFRTSENI,Negative
LYLVVKIMHTQ,Negative
MADVTVKQLAQVVGIPVE,Negative
MAEGKILPYLD,Negative
MAGQALPGRVGSGVFGADMDVSLV,Negative
MANNPKPSN,Negative
MARIAIIGGGSIGEAL,Negative
MCYHGNSSRGAAQYLLHQ,Negative
MDPSMLYAPPARIEEEVATILAG,Negative
MEDALVMLKIV,Negative
MELMNKLTKAPMTEAQDRAILDEAL,Negative
MFVSLFPIHLVGQLVSLLHMSLLYSLYCFEYRWFN,Negative
MGNSEVGHLNIGAG,Negative
MGQDNAEDIAQTIK,Negative
MGVTFCAVAPEHPLALHAA,Negative
MHLNIPFYGLNLGSLG,Negative
MHLRQYELLMISPGSPPSIVALGGGHGLYVTLSAA,Negative
MIGKFVDVEI,Negative
MILPTGPTSFKE,Negative
MINEANKEGITVPEL,Negative
MITQTLHELRRRGGGF,Negative
MKAKVWSTEAKLGEKYDVVGIPTDL,Negative
MKKVEEKRVDVNSA,Negative
MKKVMHGDRIVAVIHTEKER,Negative
MLDAYGDIAKIDSARRCGLYHFCLKNTPH,Negative
MLKAASNLEFEQAVKLRD,Negative
MLNIMRYCIDELHSEEGMTLEAVLQINETKLDELI,Negative
MNEHSSRSHSIFLINVKQ,Negative
MPFNLKNRHLLSLVNHSPREIKYLLDLARDLKR,Negative
MPQTREHILLA,Negative
MQKLEAML,Negative
MRGYSECGDGSPAVYTCVDDLCRGYDLTRLSYGRS,Negative
MRIFEEVKKAF,Negative
MRIIGVDESKIYNDV,Negative
MRNSKYPQDLVMM,Negative
MSTAGKVIKCKAAVL,Negative
MSVVILAAGKGTRMYSDIPKVLHTLAGKPMVQHV,Negative
MTILFLKKQLSGKKGKTPPSPPGLPL,Negative
MTNHGGGNFKKQ,Negative
MWASITDLGDVKCSGNWMWAAKLKGEG,Negative
NAEEEKKMLSQR,Negative
NAHLGELVKDPDLSRYILMDL,Negative
NAIYNGLLRE,Negative
NAPIKPVTANGGMPMPSWFDIKVWDW,Negative
NCEQQVYQVGKRKFARITVAAMASSNLI,Negative
NDFMVVDAVTQNV,Negative
NDNLNGVERPVKFTVKDDNEAAVEI,Negative
NDRNLEGRLTCQRVRRLLPCDLDIHPSHRL,Negative
NDYECKVVTDEVGAAY,Negative
NEDFSAYPRPLEKDLALCEKL,Negative
NEKKTKENNP,Negative
NEMLQRIYGTAWASKDELQ,Negative
NFEEAIDFLRKKGLAVAAKKAGRIASEGLTA,Negative
NGFKVLKKEKIHSVAAVIILESWFN,Negative
NGKAILYADRMTDSIKKAMSETERRRLIQEA,Negative
NGLCRIAVKEAEHG,Negative
NIDQIQIRLANQLSFINRLHNLPVDE,Negative
NISKPIREMLKNHFSIARPEIVGEQISKDGTRKWL,Negative
NITARFNRYRRML,Negative
NIWNGILSTFSLLGFLFTFPTLLSVIRKDGF,Negative
NKGKEVLVLWGIHHPPTSTDQQSLY,Negative
NKIIGLVPTMGNLHDGHIKLILLAKKNVDIVIVSI,Negative
NKVESLQSR,Negative
NKYVGESEANIRKLFADAEEEQRRL,Negative
NLIHGRDGEDGKIAALFEFYSIKFIGPR,Negative
NLKDPHAH,Negative
NLKRLGMKATVKQGDGR,Negative
NLQDLTVPKNM,Negative
NLTKKQRQSLRKMVIDIVLATDMSKHMNLL,Negative
NMTFIFGRDYLTLENDCRIEFTLGT,Negative
NNAQGEYYLTDV,Negative
NNEQIRRFSQVLLDAGIVTTIRKTRGDDIDA,Negative
NNINPAAWTQDNID,Negative
NNKPIPNFDPDGKKDRPHDLSKAGALRFFTVM,Negative
NNLMKIAIA,Negative
NNNNNNNNDNDNNNN,Negative
NNRCVRA,Negative
NNTEQLVF,Negative
NNYLDMLAESLHIHIA,Negative
NPHGPGSTLPESPVFLEPINSTAPR,Negative
NPPSSPTPSFSEAKAAGTLLNGPPQFST,Negative
NPWTTPPEAAYDLTVSLEDAPDTPDIVEITFDAG,Negative
NQALEMKRQGKRGKAH,Negative
NRILGLGDVMS,Negative
NRSYSRRWQNPLPRRQHPDQI,Negative
NRTGRSREAREK,Negative
NSKLLNGSQRVVMDGVISDHECQELQRLTNVAA,Negative
NSMGSQLDILLKEIDLSNGDLAETLLEQERHLNQ,Negative
NSSGINNNNSNNNSVNSNNYNNMNNNTMNNSV,Negative
NSYLGGRFCGSSRPAPFISSGNF,Negative
NTVGLERSGF,Negative
NVFLSKY,Negative
NVQLGPSLTEKL,Negative
NWNRKLGCKCQYKHIVDWC,Negative
NWTLKVDESAKTLKE,Negative
NYAMFVDENEHEK,Negative
NYHATNPRYHE,Negative
PADFIAEGIDQTRGWFNS,Negative
PADLLSPDRFPVYAAGRGG,Negative
PAHWELLQRARALDNQ,Negative
PAIAIMQPISRFLQLLCENHNRELQHFLRNQN,Negative
PDAEMRESAMATDGASCEPDSSRAPED,Negative
PDIVAMIGASAALSLSGIPFNGPIGAARVGYINDQY,Negative
PEDDRTLDDDELAEYDLDKYDE,Negative
PEFTCVC,Negative
PEGEDDSENVEVRR,Negative
PELERKAAFL,Negative
PEVQQRNSLDFGKAPSLLWTDNGGSNDRCE,Negative
PFINAYRQAILSQYPQELQLEAINCKLLAVVA,Negative
PGILSMANAGPNTNGSQFFICTAKTE,Negative
PGRDYIDQWNKVIEQLGTPCPEFMKKLQPTVRTYVE,Negative
PGRFEVVDGGQNYTVIVDYA,Negative
PGSEGLAATLERIVTNFQL,Negative
PGVLLIEGMAQTAGAICAKKEGQTGNL,Negative
PGVLSGIGGFGGLFELPRGYKQPVLV,Negative
PHPGLVAAQANPMEQGHFASPDQNSMLSQLAS,Negative
PIIKRFLGKLTIPVQR,Negative
PIVEEELSKK,Negative
PIVKQFKYGQHTVTLETGAIARQATAAVMASMDDTT,Negative
PKRPGLSSLLSGQFDSLAVRVSNHPGVQALCQAL,Negative
PKSAVQRNV,Negative
PKTIDNYVKAIKDAKTILWNGPMGVFEMDK,Negative
PLAPKRANDSLGGLSPAPPPFLSSQGPTPLPSF,Negative
PLLASIAESNPNILARVTHLIC,Negative
PLPDQSSCWYEVVTHGGSQPTG,Negative
PLSIQMRLRGRGFLRGILDGLV,Negative
PLSKAFEGASSVT,Negative
PMIVHVLRRALAASIGRVAVATDTPEIAEAVIAH,Negative
PNILTGAIVGGP,Negative
PNMFNTRQVGKTLIN,Negative
PNTSLFEGQ,Negative
PPDSARWEWLEDKVRTLM,Negative
PPEGFNLRRDVYIRVASLLKTLLKTEEWVLVLPP,Negative
PPGSVVVSGSLPSADGKY,Negative
PPHGGLAPGIDRMVMLLAG,Negative
PPMISNQPIFKQQPMYQQPMYQQKQQQPQ,Negative
PPRPVSQD,Negative
PPSPRSVDQVKSQLRTALASGGV,Negative
PQGVINPAVADWI,Negative
PQNKQIGKKTINGIVMLSDFQAGEPLAL,Negative
PQPAFGA,Negative
PREISKVMASMNLGVLSE,Negative
PRIVYLNKMDRVGADFF,Negative
PRWYFYYLGTGPHAGA,Negative
PRYDGHCRNQSLPDSGIPYVIRFRNPDAGIVS,Negative
PSCKRKVGGTSGRKNSNMSDEF,Negative
PSLSDIERTILLLKEVGALAVSGQREDENPH,Negative
PSQSQSQIEIPLQSIE,Negative
PSREDLV,Negative
PSRVSKGHFYALPQSPQITKQLLMNAG,Negative
PTAKGQALAD,Negative
PTDTLTN,Negative
PTKENLLDYIDPKKYLILPNTAGCYTA,Negative
PTLHQKNLREYCKANNIMITAHSVLGAVGA,Negative
PTLRNKFKMPTRIQNG,Negative
PTRGQIDDLLGEI,Negative
PVEPDKIEEANKGENTSLLHPVSLHGMDDP,Negative
PVERIEKAVTEVFDLRPAAIIRDLKLTRP,Negative
PVGPVWLLEPQTYMNVSGKSVAALARF,Negative
PVHYRPMFGALGSARHHCRLTFLSQAA,Negative
PVIVNEKNYTSEMALLGS,Negative
PVRSTPHIAILDPRTGERVKEWSKSFT,Negative
PWGAKECRIGTNPLIVAVPT,Negative
QAEQCRKISASLQSQSPEHLLPVLIQAAQLCREK,Negative
QALDDDP,Negative
QAPQQFKQLIMVAGFDRYFQIAPCFRDEDPRADRS,Negative
QAVFRLLGIAEDEQQEKFGFLLDALKYGAPP,Negative
QAYADIPSIVRRTILDIG,Negative
QDEKERNIRAGLNYGHTFGMLIENETNYERFLHGE,Negative
QDLEKKYYEEPRKGIQAEEILQTYLKSKE,Negative
QDSFVRYLSLFN,Negative
QERPIPVWIRALGAALTP,Negative
QFGGMLLAYSGVQSKKLTAMQ,Negative
QFLQVQNAVIKIQSSY,Negative
QFQRLGVWM,Negative
QGAKPLVTV,Negative
QGGRRWNWVQSWPVWKYFKEYFPICLVKTQD,Negative
QGQLWQVRY,Negative
QGVLANAATRFAVGDTLKV,Negative
QHLSIEAIAWGFR,Negative
QIAEGMAFIEQRNYIHRDLRAANIL,Negative
QIDRLSKRRKTEEDLREEIESLQENIL,Negative
QIIYVGKAKKLRNRLRSYF,Negative
QIQSLEKLLNLNQDVN,Negative
QKADTLGTFQIESRA,Negative
QKALEKGLEILTDM,Negative
QKFSDGEVKI,Negative
QKKPWESMAKGLVLGALFTSFLLLVYSYAVPPL,Negative
QKRFAEWG,Negative
QKWNRVHNLTAVREPEAMLALHVLDS,Negative
QLMLDAVIDYLPSPLDVKPIIGHRASNP,Negative
QLMREVAAKTNDVVGD,Negative
QLPKVPEMKLPKMPEMAVPEVRLPEVQLPKVSEMKL,Negative
QLRLEAEIVTDKRGIWKFACRALVDGNVVCSAEIL,Negative
QLSKKEASRHAIMRSPQMVSAIVRTM,Negative
QLYKEQLAKLMATL,Negative
QNARPNTIGKYLASIVM,Negative
QNSLLNQQTWVRTDSAPDQQVETGK,Negative
QPQPKQGHQPLQTIQPPQNTVTHPPPK,Negative
QPTNSEKFTEKV,Negative
QQAQKKGLRSRAWFKLDEIQQS,Negative
QQNLAVSESPVTPSALAELLDLLDSRTI,Negative
QREVFIHLTDKSETIRPELSNA,Negative
QRINREKHLVLTAAHPSPLAANRGGFFGCKVFSK,Negative
QRKDRDAQQVRTARG,Negative
QRNSLLRRLREGSATAAELELWDDQLAPL,Negative
QRQFGDPEAANLWFNCQGEFF,Negative
QSLLEKLSALEKKVIVGGVDLLAKAEEQEKLLEESN,Negative
QSVPVSDKYLEI,Negative
QTCPHCQGRGTLIKDPCNKCHGHGRV,Negative
QTDCDVLIAGNG,Negative
QTQLTVELRFDERQKSRHKTQTTCGKDLGWF,Negative
QVGLFNFRPSVRPVPLEVHIQ,Negative
QVIAYAEQRYRIFGETLDIAVGNCLDRFAR,Negative
QVMLRSDA,Negative
QWIPDWGQAR,Negative
RADLAPGSKGLLLEDNPSIRAISLGHGHIL,Negative
RAHKLDNKDLFSKS,Negative
RANAHKLDWPLRETVLQLYKPFKWTPCFLHK,Negative
RAQAVRYRGIRIDKQPAYNVEV,Negative
RASGKSIGFVPTMGY,Negative
RDLKVDVR,Negative
RDLPLRLYENGC,Negative
RDMNNKDARQKIKEEVNT,Negative
RDNMVYETDSRVQRPLNFAV,Negative
RDVTVLQAIE,Negative
REEGGLSDPDAAAYLAQLQRTLRFQTETWAMTG,Negative
REGRVTKRFAVLNARFH,Negative
REIDALLLELDGTENKSNVGANAILA,Negative
REKLLAYAEKNGIDITRKPGKSPYSMDANLLHISYE,Negative
RETRSTTVTGLEM,Negative
RFEHGGQDCVYWKGWFGARVTNSSVWVEPMDGDGDP,Negative
RFILPTAIGHGQICDQVPAELIRETLHRLQ,Negative
RFLLGGRHGEFKFLPPPGYA,Negative
RFLSQIREKLIQ,Negative
RFSTYAYWWIRQAITRAIAEKARTIRLPIHITEKL,Negative
RGGLNFDAKVRRGSFEPED,Negative
RGKLRRRSSSHRSKDRK,Negative
RGRIGVGHPGH,Negative
RHFMPYHPEYSIITNIDFDHPDYFTGIADVRNAFND,Negative
RHLNSKDVVIFAAGTGNPFFTTD,Negative
RIAEAPNLKLCVTAGVGSDHVDLEAANERKIT,Negative
RIMGDKARPLWDAWARYEYTYGDLS,Negative
RIQENGSLITILVIAGVFWVHRLIKFIYNICCY,Negative
RIYQEALPLLAEAGIVPSVDPDKSRK,Negative
RKAEQAAAEQALKQLELEMTTML,Negative
RKQLLQYDDVLRQQREVIYKQRFEVID,Negative
RLAAVQLLQFLAPKIRTEHISPFFPLVSAH,Negative
RLGGGGDMGINFDVSRP,Negative
RLHMGHVRNYTIGDVISRYQRMLGKNVLQPIGWDA,Negative
RLIKLQKHGKTVVLKLRYSDFTTITKRLTLNEYTN,Negative
RLLMEATLPG,Negative
RLLPAYLTSTGLPMPRRNIKRKWD,Negative
RLLPVTRSKI,Negative
RLNVSGGNGLK,Negative
RLVLALAAHFKPGSSRT,Negative
RMEGREVFKYAVCMITDAVDDCFAAAGINSSQLDW,Negative
RMNTGEK,Negative
RNEGPAGFFRGCSAAVGQIVPY,Negative
RNKTAQVHAESLQQVVKSQREVTEVL,Negative
RNLRIWNS,Negative
RNQLVPINK,Negative
RPEVVLEGS,Negative
RPPPSGINGAPVRPELKP,Negative
RPSFDSAAPPEEGRRLYDHFVQAVRAKGVATATGIF,Negative
RPWPLGRASSKASTPKPPGTGPVPSFA,Negative
RQKVVSKDPVDRDVFGIAQHQDDAC,Negative
RQRLPGPPDAPGAVFVLGGEGLRAELRAAGLR,Negative
RQRSWGLPIPVFYDEETNEP,Negative
RRAFLLASDEEVA,Negative
RRIERIYFEISETNRAQWEMPQVKESKRQ,Negative
RRKIIATKYPTVASKFFREKGEDVEII,Negative
RRKMKIK,Negative
RRLAALQACVELHRIGELDDQ,Negative
RRRSQGGERGSLPIVQLDGPVLKINPLANWSFTEVH,Negative
RRSGPQRGSDLRYNLEVSL,Negative
RRSLGHPEPLSNGRPQGNSRQV,Negative
RSDFVFDGLQMTPS,Negative
RSLQEMDLDVASEFIVMAATLVEIKSRMLLPKF,Negative
RSVAKTFVAERKKLGFPLLDDASRVALLAEDM,Negative
RTEEDDARKLARFDVDAVYAPDVSQIYPEG,Negative
RTGTRDGEDSEQPKK,Negative
RTLLLAGADKV,Negative
RTPQTIGEELLDYRNYLEMEVEVNRGSDG,Negative
RVDIDDREETLSKKIRDAETS,Negative
RVLHGLGWKVLVCDPVR,Negative
RVLTPGTHGSTFGGNPLAIAISTAALDVLKD,Negative
RVVEKANLTSDDIDLFIPHQANIR,Negative
RVVTRTIVRTDNGSELGASMSPTSSVENETSIL,Negative
RVWYKGDQKQVQHACPTPLIALINRDN,Negative
RVYHYRISEDPDGKVFVTQEAKFNTLAELVH,Negative
RYGEVPLPPYIKCHDPSDSERYQTR,Negative
RYPQVAFQSSGG,Negative
RYTYTETGGNADFYLSP,Negative
SAARSLPSASTSKA,Negative
SAASNRIPAIAGTGSNNTEEALLMTRAAKM,Negative
SADEVSKKTGVPVEA,Negative
SAIVNLP,Negative
SAKNRARTVAGVSILSTMTGRMFHQKCLK,Negative
SANPTGPLHIGHGRGAA,Negative
SARDEWPGIKPDVLAGFQQQLSDDFQRTV,Negative
SASLDENGKGLYEPSHGSAP,Negative
SATHLLHEALREVL,Negative
SATSKSTSPTLTPSPSPKGHTAESSVSSSSSH,Negative
SAVEKDREDFREAVVKTLDRLLF,Negative
SCCALVGGETAEMPGMYHAGDYDLAGFCVGVVE,Negative
SCGSPCAGLC,Negative
SCLLPMDDALVRCALDLSARPYLIWNV,Negative
SDAGNTEKQWSLADFEIGRPLGKGKFGRVYLAREA,Negative
SDAHRSAAAELFAASPDGSFGDLETTYEA,Negative
SDAITCRDDVEAP,Negative
SDAKPLVLKGGNIEFENVHFSYLPERK,Negative
SDLYNNIVRTMLYQ,Negative
SDMLANPRRPIAQWHSLKPEEEVDALLGKNKMG,Negative
SDPHPRSGSSRKNDSIAKSYEFHLYTMVADTHQRGT,Negative
SDSVLDALLAADPRSRV,Negative
SEGQKLLIGVGPEGISICKDDFSPINRIA,Negative
SEKNIAEFHKDMDALGIMRPDS,Negative
SELAQLQSEIIEAIWPKLKHG,Negative
SELNILAEGPVIAIHQPESELAKMDE,Negative
SEQAFSGVSKAHEATTVKPLHSIFH,Negative
SFSSAFYVNIIY,Negative
SGAGGQHVNKTDSAIRITHIPTGIVVECQDQRSQH,Negative
SGDDAVKMQKLIDALEDLDD,Negative
SGDSADVARDVKQPTATPR,Negative
SGELHFGSLIAALGSYLQA,Negative
SGEVMISALGDPRGNGKGGFVLLDGETFEVKGTWEQ,Negative
SGGGGGGFGGPFSATAVPPPPPP,Negative
SGGNGAGKSTTMAAFV,Negative
SGIQFRRLNASKGAAVRATR,Negative
SGKGGVGKSTFS,Negative
SGNESDGDTEELS,Negative
SGPDGEPTIRAH,Negative
SGQDDPVVPD,Negative
SGSTAYNKALGGAILHPSLAS,Negative
SGVEVGLVVGGGNIIRGVNASKEGIIRRSSGD,Negative
SGVPGTEGWIAPEMLS,Negative
SGYTLVHQFCRIGAHS,Negative
SHDVPRTLVQIRVNDAELTKR,Negative
SHIPELIEPWFIFSLVWSVGATGDH,Negative
SIAAALGAARLFLLTDVPGVLDK,Negative
SIAVMPPWGAKECRIGTNPL,Negative
SIFVVPVKSSDMLLNECLKIAKT,Negative
SILNNPNPCDYVLLEEVLKDAANKKSSTPKSSQ,Negative
SKGAAVFFNVDHADAKIEVYTTRPD,Negative
SKGHPWRHSALEKSPSSPIVSILPAHDVSA,Negative
SKKNSLQLDKLEQD,Negative
SKLKAEEGIWMTDVPLPALGHNDIMIKIRKAAIC,Negative
SKMLAKVIASAQA,Negative
SKPGIKVTKLEKLGLRMDSCCEITF,Negative
SLAERWGLV,Negative
SLEERVRPILFINKVDRLVKELKLSP,Negative
SLHETSTVLVETVT,Negative
SLIRWMKAAITATANYLPPDILSNH,Negative
SLLNISIGCDKKCA,Negative
SLLRNAGA,Negative
SLPRPAKSS,Negative
SLQSKLDRKAELDATNAELWRASSTEVSD,Negative
SLSLAPLSPRAPSED,Negative
SLTSKKDATRLALSDEKTVALSMPMSEEH,Negative
SLVRESPKVLVSCFKSKTGRGLKPTSTGPGPGYYNP,Negative
SLYRHEEE,Negative
SMLESENKDNDAN,Negative
SMVKKTGDWKKHVETNS,Negative
SNESIESLQ,Negative
SNGSGNG,Negative
SNKMTDRERDKVMPLIIQGFKDAAEEAGTSVTGGQT,Negative
SPDSEPPLQCLVLICEA,Negative
SPGDSRLAVFDKTEGTWRLLCSSRSNA,Negative
SPGNALFHAKRGQAFLKLKKPNACIRDCDVA,Negative
SPKKILVE,Negative
SPKVALLNVGIEEIKGNDQVQQAGQ,Negative
SPSSLTSPASYNCSQSILPLEHGPIYIPSSYVESR,Negative
SQADVFSDI,Negative
SQLEKVLDNEMMFDGSSIEGFVRIEESDMY,Negative
SQSSPLSLGSRGSSSGGSGSDSEPDS,Negative
SREKYYVLEMFPYPSGRIHMGHVRNYAM,Negative
SRIGDGPFFIGNLLR,Negative
SRLNVPIVCTVIGEGGSGGALAIGVGDKVN,Negative
SRNVEIEKRILKLGTQLATLKNRGLPLGIAEEKMW,Negative
SRRYPGVYTDVHYVKPFI,Negative
SRSELPDTASLRHMIMGPSSKLISQFRLTYNMIL,Negative
SRTVDPFIL,Negative
SRWAERCLKAHERPQDQGLFGIVQGGEYE,Negative
SSILESDEFLVIDVIHEVAHSWFGNAVTNATWEEM,Negative
SSLELATQTPSTNL,Negative
SSPNTPGLRTLQY,Negative
SSRGSAKDETQTSGEEPAPAKSF,Negative
SSSFIACMVTIILLLSCDFWAVKNVTGRLMVGLRW,Negative
SSSLPEDV,Negative
SSYNRANE,Negative
SSYYLHLIEKIRAAR,Negative
STMSIVRMTDLDLSGKRVLIRQDLNVPI,Negative
SVIKEGKIWRSQGVLFLEVNDNNKNIEELSKVFGIA,Negative
SVLHVALRAPRNSAICSDGKNVVPD,Negative
SVLQQKAV,Negative
SVPMTLSEDEIARLKGIN,Negative
SVSKVLWLDEIQQAVDDANVDKDRAKQWVTLV,Negative
SVVEQLQDEAKHLRQEVEGLEGKLQSQVEN,Negative
SWIHAAAQIYNPRMDTLSHVLQLNPQLV,Negative
SYDVCVSKDFLSKGDRVLF,Negative
SYFPFTEPSAEVDVMGKNGKW,Negative
SYNDALIGDIEVMDDTAISLAKDN,Negative
TADMLCFVSACKDFC,Negative
TAFASAADLKTYLHHIEEAKKRDHRKLG,Negative
TAKANNMPKDNIDAAI,Negative
TARKGAA,Negative
TAVEQKYRFFSYGDAM,Negative
TCFMQTNLVAPVGAADQCY,Negative
TDADVRLARRIRRD,Negative
TDDPVEAIEQMEIELSRLTEELTSREQKLVISSRSV,Negative
TDFNILYSMMKKHEEFRWMRLRIRR,Negative
TDIMDVWFDSGSSHAY,Negative
TDKKCSMQTRRRLHQTDQQDYS,Negative
TDSKVDGMIAGIR,Negative
TEATGKQCIYLIDDFASELDSHRRQLLA,Negative
TEDQLEQELTSVLDFIIS,Negative
TEEQQKWVSRLVKKI,Negative
TESSETMEAVVTSLRELLAGHIVYYDSH,Negative
TGAGMMDCKKALNETSGDLTKATEWLRQKGIAS,Negative
TGLADAIVDLVSTGNTLKANNLVEVEQIMDISSHL,Negative
TGLNPKQVEYLVNQ,Negative
TGNKDII,Negative
TGSEPTP,Negative
TGSTAYSLSAGGPM,Negative
TIDDFAKLDLRVAEVRVAEAVEGAD,Negative
TIKGTVHARGEKAINEKLATG,Negative
TIPQLRGMY,Negative
TIQGVSGVKPTGLRKRTSSIADEGT,Negative
TISVVGWVHRRRDHGG,Negative
TIVARSIAVGLQEAVREMKRLVQN,Negative
TKEVAKIIANLKECYSIIGGGDSIAA,Negative
TKIIENLYFAGQINGTSGYEEAAAQGLM,Negative
TKLLNTGVSPCLPLRGTITASGDLVPL,Negative
TLAIASKADTPDG,Negative
TLCLLSTTATT,Negative
TLDIELREIDEKLDMILMSIPNIPHESTPV,Negative
TLLDWVKHLQKNLNAGVLDSFSVTM,Negative
TLMFQKEVADRIIAQPNNKNYGTLSILTQLF,Negative
TLRLPTKTQQKTKLLLCSALSSMA,Negative
TLVVKKILGTFKSVAVKAPGGGDRRKAQLADIA,Negative
TMEDGGLTAFE,Negative
TMIPPSAQPPRTQTPPLGQ,Negative
TNALTALMKASDLPT,Negative
TNFKSTLP,Negative
TNREDLIKKID,Negative
TNSGLLQGKASLTVN,Negative
TPATRQEWVKAA,Negative
TPDLGGKASTQQVVDDVLSRLMISSEEKVEFL,Negative
TPFSRLVTPKITEILGFNLPVDMIATS,Negative
TPGDKRELLLELMLLADVG,Negative
TPIAQILAIRELNIGHSLI,Negative
TQAARNALRSL,Negative
TQGLVTRAYTDELWNMALSKIIAVL,Negative
TQLLWAAQNRGEKILCEGAQ,Negative
TQQYDSQVRTDTIVGPGSDSGIL,Negative
TQVNVKATAGKCILISGHDLKDLYNLLEQTEGTGVN,Negative
TRYTLSLMVLERKLSSAKGALNTLGDRING,Negative
TSAVEDDGLARA,Negative
TSPEETTTTMTTTTC,Negative
TSPGRQLSQQNLTKQASLSKNASSIPRSESAS,Negative
TTDLTGITDQHVKGAKPISQVLQ,Negative
TTRNIVGGADGSTIVNNSQEMYKNLRHLI,Negative
TTSAKACSAMKMSF,Negative
TVAGEYGSRPLYKMLGYFSIIGLLRVHCLLG,Negative
TVKSLEEALRTASPDG,Negative
TVLASAPALAPQVATSYTPSSTTHIAQGAPHPP,Negative
TVLLIFTLDDDL,Negative
TVTASLGEETAFLCEVQQGGIFSIAGIEGTQMAHCL,Negative
TVTIMCAATLAEGTTIIENAAREPEIVDTA,Negative
TYDYYKNI,Negative
TYFEATMVNTENAAVKNNRYAQLNVIHRLISELG,Negative
TYFQQCGG,Negative
TYHEKLGSVRQRVERIRTLARG,Negative
TYKQIPISDHWSQNLSQ,Negative
TYRLFLPNTFMNNSGEAVLAILDWYKINLN,Negative
VAGPIQAAGHPRVLVIPTNEERQIA,Negative
VAGSGTGRGSPAVTLVQLPSGQTVQVQGVIQTPH,Negative
VAGVYAEDPRDV,Negative
VAKYNQLIRIEEALGDRAPF,Negative
VAVESAEMNVRLNKTDDVVSVGQNSLLE,Negative
VCETGLLPRTHGSALFTRGETQGLVVTTLGTGD,Negative
VDETLRVLKAFQT,Negative
VDIIPAWTKGFHIRVEFFGDEIEKISTI,Negative
VDLEPGTMDSVRAGPFGQ,Negative
VDNLIGSAAMTKTMLRAL,Negative
VDPAGGVLEDDYTVT,Negative
VDTDPGLKGDTAGTGGKPATLSTGAVVKV,Negative
VDTNISERLMTL,Negative
VDTVLFMVPADEARGKGDDMIIE,Negative
VEAVREAALGGLS,Negative
VEEAFEEEEFH,Negative
VEPLWRFVNDTKDKRMLVYKSEDIKDFSRLQSPKVC,Negative
VERSLSEDEWKAVMGDSYQCKLCRYNTQLKANFQLH,Negative
VERSRKAAQQAD,Negative
VEVHARHEERPDEHGYIAR,Negative
VFHSGAI,Negative
VFPGTRVFLKCFKNTYSITGKIPLSTELL,Negative
VFRYCLDQMVEFYRD,Negative
VGEDHGNGERIAKLLRFATTHGDTAEQSVSLVDYVG,Negative
VGERVLVEATDLPAAGDRVWLKGY,Negative
VGKDVTVANATI,Negative
VGNHIIMGTLPTIPNTLPTSKPTMQL,Negative
VGNWVLHELGGLLTKSSLPW,Negative
VHRSAHANALSFVITRRSISHFPKIISKI,Negative
VHYREMF,Negative
VIEVEGTVVENLPNAMFRVELPN,Negative
VIKNFVLFWVTLLPYVKE,Negative
VILKWLQENYNCEVVVFTADIGQEDDMSVIQK,Negative
VIPSLCTDDKGQL,Negative
VIQPLQQMGAKIWARSNGKFAPLAVQGSQLKPIHY,Negative
VISANIRTTISGMDDSGGTGSRQKFRKLRKIERE,Negative
VISLQKLIVREVANEEKAMFL,Negative
VIWDFGLQSSVTLVIPWISNTHYR,Negative
VKDGEAQACISAGNTGALMAVSR,Negative
VKELSVIVKADVQGSVEAIKASLEKLSTDDV,Negative
VKGAFSMRRKT,Negative
VKKAVESMLEKLKRDAGPVYG,Negative
VKPDVKLGEYKGLSVTKQNTRVYQK,Negative
VKPGDTILGMSLDAGGHLTHG,Negative
VKQGAADEVELIEGARGAEYEGMRIHSVRLPGL,Negative
VLAITEPDM,Negative
VLDEMRAHQERLGKKKVRFSFMDDNISFRPKYFMEL,Negative
VLDQTPFYAESGGQVGDHGILYSAAGEKVAD,Negative
VLEGLEFMGIYWDPKKNETIRGEEGFINY,Negative
VLEMVPAALSAALTQALTHCP,Negative
VLEQVVQQGRPMLIIAEDVEG,Negative
VLLKVSVDMPRHIVV,Negative
VLMIEGDGKEVPEEIF,Negative
VLRPLTYSCQCSRKRLERYWTQQEQQTALTDANIST,Negative
VLTDVHDIDQVAPVAAVVD,Negative
VLTKIAKRNPREIAQAIVDHLDTSKAHVKQVD,Negative
VLTMGKPLTAMPGLTRDGVLGKWIWQLAE,Negative
VLVKRTKTKKLYWTKKY,Negative
VLWDLQA,Negative
VMYQSPLIQDLHDRGLIAQ,Negative
VNEMIDKLTEEITQLELNNMLGQCGLYDYFNIINM,Negative
VNLHIGNGASLCAVKVSKSIDTSM,Negative
VNRDYRVCDSYPTELYVPK,Negative
VNWGEIDFLIIDTPPGTSDEH,Negative
VPAGSKLRVVG,Negative
VPHGLEDLLNPIGVTGSNPNKETPCL,Negative
VPKVGSQ,Negative
VPSSGQNRLASMIA,Negative
VQAVQQQEVYG,Negative
VQEVLTELIAKIGENMSVR,Negative
VQKMKDKGEIA,Negative
VQQCIRTVEARGLDIDGLYRISGNLATI,Negative
VQRCASSVAILQQYFSNTISRLLLPV,Negative
VQSGSDRILKAMNRRHTAAEYLALVERIRA,Negative
VRAMRHTEIDYITGYLLKRAR,Negative
VRDSDLSNQVAAVTSLAWLT,Negative
VRERDALRA,Negative
VRGFNSMAQMYTRLAAMPKKGMYQ,Negative
VRGVGKNDIRRGDV,Negative
VRIQGPNYQV,Negative
VRITHLPTNTVVAVQDERSQHRNKARAMALL,Negative
VRLVDLQRQMAEGRGSVVVE,Negative
VRQYMARLVNALASLAEGRLYLAQNTKVLRM,Negative
VRTYNAVDVEGLYTLGTVVVDYRGYRVTAQSIIP,Negative
VSASIELILVED,Negative
VSENKTLAHPASVDS,Negative
VTEHLLGQTVS,Negative
VTEQIQEANDKN,Negative
VTEVAWQAHFVKNMFIRPTEEQLKN,Negative
VVERLGDYLLDQGMMKYKRIVFKVGT,Negative
VVFSMSFVQ,Negative
VVGKAEVPS,Negative
VVIPFHHDIWSNFQADPQEIRVLW,Negative
VVKDLETAGDGPRDWPSDVAQIETNSPSLTPIQ,Negative
VVTKHIKIVDKGFLTDREYYSAFHD,Negative
VVYELLWFLNGDT,Negative
VVYPGTFDPITNGHLDLIE,Negative
VWLKKQGLLRRSAMIGLRPEDDRVYDVIVVGA,Negative
VYFISIGDNSRKHAMLLSENIRSTLPSLRLMVHHGG,Negative
VYFSSESHSRSDEAENLKMMYEDMKSRVEHVV,Negative
VYNPSYEQLFEEEMKPELE,Negative
VYSGENIFC,Negative
WARFEVERAQWEVERA,Negative
WESFSSVVPRTDWGLFFKG,Negative
WFGEDQARYIVTVHERDLLSVFTKLK,Negative
WFQRFMCNT,Negative
WIHLSLKLLSDVGLVGLPNAGKSTFLSVVTAAK,Negative
WKEHLANM,Negative
WKQVAEKIPLQPKHFRILNPVIIK,Negative
WLAVRHNLNTLNDIKIWWQICYLPTL,Negative
WQEAAAPVDFYTIKGIVD,Negative
WQTYVDEHLMCDIDGQGQQLAASAIVGHDGSV,Negative
WRETSYQEACDLASLCEREQIPFILDRQEV,Negative
WRKRKPPVPLDWAEVQSQGEANADQQNEPQLGL,Negative
WTYHGSFTTPPCEECIVWLLLKEPMTV,Negative
WYTELKKLPEVINVCNRFYHTHSCECQEKFFVQTL,Negative
YAEPEAFHAVQTAFKAAGVEEFAVAELTMLP,Negative
YARHSDEGSGRPSEKGIK,Negative
YAYVNYHKYEDG,Negative
YDLVKTMRASIWALGPLVARFGQGQVSLPGG,Negative
YDPELDFHYRIFNADGSEVA,Negative
YDPGRDGSEKKIRECVICMMDFVYG,Negative
YDVKQQRLLLAQEEYNHLNK,Negative
YECWEDREATFLIG,Negative
YEEESEDLDYEDSEGQDYEEAVESQY,Negative
YENGPCVDDTKFCNPVKLQ,Negative
YFMTIDN,Negative
YGIASGIR,Negative
YGVELGKEMAR,Negative
YGVVYKAKNKLTG,Negative
YHCGVCLQRAPASKTLTLHT,Negative
YHLSKEDAEVINATKKRGNKVI,Negative
YILLESNEEGDLYTTKG,Negative
YIMRYFASVQESNNREGEVEMSQIESQIL,Negative
YIPDGGPDGGDGGDGGSVYL,Negative
YITGYQRNLPVWIGLHDPQKKQL,Negative
YKLVIYMPNTQSQGKIDLLRLLGAEVYPVPAV,Negative
YKQLMRILTTMENIADLWNSALTEL,Negative
YKRLAMKYHPDRTQGDKAMEEK,Negative
YLADFTTHILQIKIPQRGDSTILVEMANTNA,Negative
YLFCVLKKKNINETNKHMIHAIKNGAKIILYDTK,Negative
YLGRSAKPV,Negative
YLPLATLTL,Negative
YLQTMVFYNL,Negative
YLRILTEWEK,Negative
YLYVDCSNIPSISLDPGFRSMSDQNQVQMLINTYKR,Negative
YMKEEHDYQIIGE,Negative
YMVQVHLNFRRAE,Negative
YNRRAERLRELAENNPLGDYLRFAALIAH,Negative
YQKIWNHEKNESP,Negative
YQLVAIGTSTGGPVALQTILTQLPANFPHPILLI,Negative
YQNVEQLV,Negative
YQVLQAGGFTSGGTNFDSK,Negative
YSSGKGCNGRVVPTDGGRYDVHLGERMRYAVYWDE,Negative
YVDDLGQIVEGYMATMATQGVPESLRGRDRIV,Negative
YVVVEIPKGERNKYEIAKEFPGIKLDRIIY,Negative